--
-- PostgreSQL database dump
--

-- Dumped from database version 14.3
-- Dumped by pg_dump version 14.3

-- Started on 2022-07-14 09:39:02

SET statement_timeout = 0;
SET lock_timeout = 0;
SET idle_in_transaction_session_timeout = 0;
SET client_encoding = 'UTF8';
SET standard_conforming_strings = on;
SELECT pg_catalog.set_config('search_path', '', false);
SET check_function_bodies = false;
SET xmloption = content;
SET client_min_messages = warning;
SET row_security = off;

--
-- TOC entry 3 (class 2615 OID 2200)
-- Name: public; Type: SCHEMA; Schema: -; Owner: postgres
--

CREATE SCHEMA public;


ALTER SCHEMA public OWNER TO postgres;

--
-- TOC entry 3382 (class 0 OID 0)
-- Dependencies: 3
-- Name: SCHEMA public; Type: COMMENT; Schema: -; Owner: postgres
--

COMMENT ON SCHEMA public IS 'standard public schema';


SET default_tablespace = '';

SET default_table_access_method = heap;

--
-- TOC entry 210 (class 1259 OID 26604)
-- Name: account; Type: TABLE; Schema: public; Owner: postgres
--

CREATE TABLE public.account (
    acc_id integer NOT NULL,
    address character varying(255),
    create_date timestamp without time zone,
    email character varying(255),
    password character varying(255),
    phone character varying(255),
    role character varying(255),
    status boolean,
    update_date timestamp without time zone,
    username character varying(255)
);


ALTER TABLE public.account OWNER TO postgres;

--
-- TOC entry 209 (class 1259 OID 26603)
-- Name: account_acc_id_seq; Type: SEQUENCE; Schema: public; Owner: postgres
--

ALTER TABLE public.account ALTER COLUMN acc_id ADD GENERATED BY DEFAULT AS IDENTITY (
    SEQUENCE NAME public.account_acc_id_seq
    START WITH 1
    INCREMENT BY 1
    NO MINVALUE
    NO MAXVALUE
    CACHE 1
);


--
-- TOC entry 212 (class 1259 OID 26612)
-- Name: cart; Type: TABLE; Schema: public; Owner: postgres
--

CREATE TABLE public.cart (
    cart_id integer NOT NULL,
    active boolean,
    create_date timestamp without time zone,
    update_date timestamp without time zone,
    acc_id integer
);


ALTER TABLE public.cart OWNER TO postgres;

--
-- TOC entry 211 (class 1259 OID 26611)
-- Name: cart_cart_id_seq; Type: SEQUENCE; Schema: public; Owner: postgres
--

ALTER TABLE public.cart ALTER COLUMN cart_id ADD GENERATED BY DEFAULT AS IDENTITY (
    SEQUENCE NAME public.cart_cart_id_seq
    START WITH 1
    INCREMENT BY 1
    NO MINVALUE
    NO MAXVALUE
    CACHE 1
);


--
-- TOC entry 213 (class 1259 OID 26617)
-- Name: cart_item; Type: TABLE; Schema: public; Owner: postgres
--

CREATE TABLE public.cart_item (
    cart_id integer NOT NULL,
    pro_id integer NOT NULL,
    quantity integer
);


ALTER TABLE public.cart_item OWNER TO postgres;

--
-- TOC entry 215 (class 1259 OID 26623)
-- Name: category; Type: TABLE; Schema: public; Owner: postgres
--

CREATE TABLE public.category (
    cate_id integer NOT NULL,
    create_date timestamp without time zone,
    description text,
    name character varying(255),
    status character varying(255),
    update_date timestamp without time zone
);


ALTER TABLE public.category OWNER TO postgres;

--
-- TOC entry 214 (class 1259 OID 26622)
-- Name: category_cate_id_seq; Type: SEQUENCE; Schema: public; Owner: postgres
--

ALTER TABLE public.category ALTER COLUMN cate_id ADD GENERATED BY DEFAULT AS IDENTITY (
    SEQUENCE NAME public.category_cate_id_seq
    START WITH 1
    INCREMENT BY 1
    NO MINVALUE
    NO MAXVALUE
    CACHE 1
);


--
-- TOC entry 217 (class 1259 OID 26631)
-- Name: ordered; Type: TABLE; Schema: public; Owner: postgres
--

CREATE TABLE public.ordered (
    order_id integer NOT NULL,
    cart_id integer,
    create_date timestamp without time zone,
    status character varying(255),
    update_date timestamp without time zone,
    acc_id integer
);


ALTER TABLE public.ordered OWNER TO postgres;

--
-- TOC entry 216 (class 1259 OID 26630)
-- Name: ordered_order_id_seq; Type: SEQUENCE; Schema: public; Owner: postgres
--

ALTER TABLE public.ordered ALTER COLUMN order_id ADD GENERATED BY DEFAULT AS IDENTITY (
    SEQUENCE NAME public.ordered_order_id_seq
    START WITH 1
    INCREMENT BY 1
    NO MINVALUE
    NO MAXVALUE
    CACHE 1
);


--
-- TOC entry 219 (class 1259 OID 26637)
-- Name: product; Type: TABLE; Schema: public; Owner: postgres
--

CREATE TABLE public.product (
    pro_id integer NOT NULL,
    amount integer,
    create_date timestamp without time zone,
    description text,
    product_name character varying(255),
    price double precision,
    status boolean,
    update_date timestamp without time zone,
    cate_id integer
);


ALTER TABLE public.product OWNER TO postgres;

--
-- TOC entry 221 (class 1259 OID 26645)
-- Name: product_image; Type: TABLE; Schema: public; Owner: postgres
--

CREATE TABLE public.product_image (
    id integer NOT NULL,
    img_url text,
    pro_id integer
);


ALTER TABLE public.product_image OWNER TO postgres;

--
-- TOC entry 220 (class 1259 OID 26644)
-- Name: product_image_id_seq; Type: SEQUENCE; Schema: public; Owner: postgres
--

ALTER TABLE public.product_image ALTER COLUMN id ADD GENERATED BY DEFAULT AS IDENTITY (
    SEQUENCE NAME public.product_image_id_seq
    START WITH 1
    INCREMENT BY 1
    NO MINVALUE
    NO MAXVALUE
    CACHE 1
);


--
-- TOC entry 218 (class 1259 OID 26636)
-- Name: product_pro_id_seq; Type: SEQUENCE; Schema: public; Owner: postgres
--

ALTER TABLE public.product ALTER COLUMN pro_id ADD GENERATED BY DEFAULT AS IDENTITY (
    SEQUENCE NAME public.product_pro_id_seq
    START WITH 1
    INCREMENT BY 1
    NO MINVALUE
    NO MAXVALUE
    CACHE 1
);


--
-- TOC entry 223 (class 1259 OID 26653)
-- Name: product_rate; Type: TABLE; Schema: public; Owner: postgres
--

CREATE TABLE public.product_rate (
    id integer NOT NULL,
    acc_id integer,
    comment character varying(255),
    create_date timestamp without time zone,
    rate double precision,
    status boolean,
    updated_date timestamp without time zone,
    pro_id integer
);


ALTER TABLE public.product_rate OWNER TO postgres;

--
-- TOC entry 222 (class 1259 OID 26652)
-- Name: product_rate_id_seq; Type: SEQUENCE; Schema: public; Owner: postgres
--

ALTER TABLE public.product_rate ALTER COLUMN id ADD GENERATED BY DEFAULT AS IDENTITY (
    SEQUENCE NAME public.product_rate_id_seq
    START WITH 1
    INCREMENT BY 1
    NO MINVALUE
    NO MAXVALUE
    CACHE 1
);


--
-- TOC entry 3363 (class 0 OID 26604)
-- Dependencies: 210
-- Data for Name: account; Type: TABLE DATA; Schema: public; Owner: postgres
--

INSERT INTO public.account VALUES (2, 'etown', '2022-07-08 13:24:45.85', '1605nth@gmail.com', '$2a$10$tUuikgdR3Fmllzk4ToIguuwZ/Weg8PgzhQo7JaPRt4N6zRcXDm4JO', '098743', 'USER', true, '2022-07-08 13:24:45.85', 'user');
INSERT INTO public.account VALUES (3, 'oidjfnkmsx', '2022-07-09 00:05:46.887', 'test@gmail.com', '$2a$10$DNU5IdpuQISD/jwgY1M2l.mz3/qtM4s3hg9JOZle9iXvl7tBFNkkC', '2934563', 'USER', true, '2022-07-09 00:05:46.887', 'sdhns');
INSERT INTO public.account VALUES (4, 'Here', '2022-07-11 22:34:34.397', '1605nth@gmail.com', '$2a$10$aBaa3M9gBLLJTuuPMznLF.DNccBN3tfFr1/Ha3GE.W0caaGNAfoca', '0976543', 'USER', true, '2022-07-11 22:34:34.397', 'hello');
INSERT INTO public.account VALUES (7, 'TPHCM', '2022-07-13 10:55:35.456', 'admin@rookie.com', '$2a$10$66I3TYvqMjgmp71zy8qkR.lgjQ3pTYKBe.z8FUv/VQauds9OA5N0a', '9999999999', 'ADMIN', true, '2022-07-13 10:55:35.456', 'admin');


--
-- TOC entry 3365 (class 0 OID 26612)
-- Dependencies: 212
-- Data for Name: cart; Type: TABLE DATA; Schema: public; Owner: postgres
--

INSERT INTO public.cart VALUES (1, true, NULL, NULL, 4);


--
-- TOC entry 3366 (class 0 OID 26617)
-- Dependencies: 213
-- Data for Name: cart_item; Type: TABLE DATA; Schema: public; Owner: postgres
--

INSERT INTO public.cart_item VALUES (1, 1, 3);
INSERT INTO public.cart_item VALUES (1, 2, 1);
INSERT INTO public.cart_item VALUES (1, 6, 3);
INSERT INTO public.cart_item VALUES (1, 5, 1);
INSERT INTO public.cart_item VALUES (1, 4, 1);


--
-- TOC entry 3368 (class 0 OID 26623)
-- Dependencies: 215
-- Data for Name: category; Type: TABLE DATA; Schema: public; Owner: postgres
--

INSERT INTO public.category VALUES (1, '2022-07-07 21:18:57.564', 'Action and adventure books constantly have you on the edge of your seat with excitement, as your fave main character repeatedly finds themselves in high stakes situations. The protagonist has an ultimate goal to achieve and is always put in risky, often dangerous situations. This genre typically crosses over with others like mystery, crime, sci-fi, and fantasy.', 'Action and Adventure', 'Active', '2022-07-07 21:18:57.564');
INSERT INTO public.category VALUES (2, '2022-07-07 21:20:37.177', 'Fantasy encompasses a huge part of the book world. It’s one of the most popular book genres out there—a personal favorite of mine to read and write.

Fantasy is a genre that’s identified by the use of magic within it.

Overall, fantasy is the genre of possibility. You can write in a little magic, like Jenna Moreci’s The Savior’s Champion or you can write a book where magic is the forefront of the plot, like with J.K. Rowling’s Harry Potter.

To take this a step further, let’s look at the different categories within this genre that has more specific characteristics.', 'Fantasy', 'Active', '2022-07-07 21:20:37.177');
INSERT INTO public.category VALUES (3, '2022-07-07 21:21:08.138', 'Romance authors have one specific goal when it comes to their books: to make you fall in love with the characters just as much as the characters fall in love with each other.

In this book genre, the romance is the center point of the plot. The entire novel moves around the relationship, though other plot points may be present.

A classic example of a romance novel is The Notebook by Nicholas Sparks', 'Romance', 'Active', '2022-07-07 21:21:08.138');
INSERT INTO public.category VALUES (4, '2022-07-07 21:23:52.415', 'If you’re writing a thriller novel, the book will focus around a high suspense and action-packed plot.

This book genre most often deals with danger and dread instead, with high emotional impact involving fear.', 'Paranormal', 'Active', '2022-07-07 21:23:52.415');
INSERT INTO public.category VALUES (5, '2022-07-07 21:24:12.491', 'The difference between fantasy and paranormal is the elements within. Paranormal doesn’t typically have magic like witches or fantasy-specific beings like unicorns, mermaids, and more.', 'Historical Fiction', 'Active', '2022-07-07 21:24:12.491');
INSERT INTO public.category VALUES (6, '2022-07-07 21:24:35.734', 'This book genre is exactly as it sounds: a fictional story that takes place in the past.

Usually, historical fiction centers around known events or problems that take place in a time significantly prior to the present.', 'Science Fiction', 'Active', '2022-07-07 21:24:35.734');
INSERT INTO public.category VALUES (7, '2022-07-07 21:25:08.851', 'Sci-fi is among the most popular book genre there is. With movie adaptations like Star Wars and Hitchhiker’s Guide to the Galaxy, this genre has exploded and is abundant in the book world.', 'Memoir', 'Active', '2022-07-07 21:25:08.851');
INSERT INTO public.category VALUES (8, '2022-07-07 21:27:47.001', 'On to the nonfiction writing portion of these book genres and first up is memoirs.

When writing a memoir, you’re essentially telling the reader about the most defining moments in your life that have led you to where you are and who you are today.', 'Cookbook', 'Active', '2022-07-07 21:27:47.001');
INSERT INTO public.category VALUES (9, '2022-07-07 21:28:40.238', 'Cookbooks are those featuring recipes and directions for making the dishes correctly. Not only that, but many cookbooks features stories about why the dish was created and the inspiration behind it.

Average word count for this book genre: Cookbooks vary greatly and are more dependent on number of recipes instead of total words.', 'Art', 'Active', '2022-07-07 21:28:40.238');
INSERT INTO public.category VALUES (10, '2022-07-07 21:28:58.207', 'This book genre encompasses several different types of books. However, all of them require the same thing: a focus on something art-related.

There are many ways a book can qualify to be in the art genre.', 'Self-help / Personal Development', 'Active', '2022-07-07 21:28:58.207');
INSERT INTO public.category VALUES (11, '2022-07-07 21:29:23.869', 'The development book genre is growing rapidly as the world focuses on self-improvement as a whole.', 'Development', 'Active', '2022-07-07 21:29:23.869');


--
-- TOC entry 3370 (class 0 OID 26631)
-- Dependencies: 217
-- Data for Name: ordered; Type: TABLE DATA; Schema: public; Owner: postgres
--



--
-- TOC entry 3372 (class 0 OID 26637)
-- Dependencies: 219
-- Data for Name: product; Type: TABLE DATA; Schema: public; Owner: postgres
--

INSERT INTO public.product VALUES (2, 100, '2022-07-07 21:35:51.89', 'RStudio Master Instructor Garrett Grolemund not only teaches you how to program, but also shows you how to get more from R than just visualizing and modeling data. You’ll gain valuable programming skills and support your work as a data scientist at the same time.

Work hands-on with three practical data analysis projects based on casino games
Store, retrieve, and change data values in your computer’s memory
Write programs and simulations that outperform those written by typical R users
Use R programming tools such as if else statements, for loops, and S3 classes
Learn how to write lightning-fast vectorized R code
Take advantage of R’s package system and debugging tools
Practice and apply R programming concepts as you learn them', 'Hands-On Programming  with R: Write Your Own Functions and Simulations', 22.31, true, '2022-07-07 21:35:51.89', 11);
INSERT INTO public.product VALUES (4, 100, '2022-07-07 22:13:24.04', 'The #1 New York Times bestseller. Over 1 million copies sold! Tiny Changes, Remarkable Results No matter your goals, Atomic Habits offers a proven framework for improving--every day. James Clear, one of the world''s leading experts on habit formation, reveals practical strategies that will teach you exactly how to form good habits, break bad ones, and master the tiny behaviors that lead to remarkable results. If you''re having trouble changing your habits, the problem isn''t you. The problem is your system. Bad habits repeat themselves again and again not because you don''t want to change, but because you have the wrong system for change. You do not rise to the level of your goals. You fall to the level of your systems. Here, you''ll get a proven system that can take you to new heights. Clear is known for his ability to distill complex topics into simple behaviors that can be easily applied to daily life and work. Here, he draws on the most proven ideas from biology, psychology, and neuroscience to create an easy-to-understand guide for making good habits inevitable and bad habits impossible. Along the way, readers will be inspired and entertained with true stories from Olympic gold medalists, award-winning artists, business leaders, life-saving physicians, and star comedians who have used the science of small habits to master their craft and vault to the top of their field. Learn how to:
- make time for new habits (even when life gets crazy);
- overcome a lack of motivation and willpower;
- design your environment to make success easier;
- get back on track when you fall off course;
...and much more. Atomic Habits will reshape the way you think about progress and success, and give you the tools and strategies you need to transform your habits--whether you are a team looking to win a championship, an organization hoping to redefine an industry, or simply an individual who wishes to quit smoking, lose weight, reduce stress, or achieve any other goal.', 'Atomic Habits', 12.6, true, '2022-07-07 22:13:24.04', 10);
INSERT INTO public.product VALUES (6, 100, '2022-07-07 22:21:41.396', 'The newest, highly anticipated novel from beloved New York Times best-selling author, Colleen Hoover.

Sometimes it is the one who loves you who hurts you the most.

Lily hasn''t always had it easy, but that''s never stopped her from working hard for the life she wants. She''s come a long way from the small town in Maine where she grew up - she graduated from college, moved to Boston, and started her own business. So when she feels a spark with a gorgeous neurosurgeon named Ryle Kincaid, everything in Lily''s life suddenly seems almost too good to be true.

Ryle is assertive, stubborn, maybe even a little arrogant. He''s also sensitive, brilliant, and has a total soft spot for Lily. And the way he looks in scrubs certainly doesn''t hurt. Lily can''t get him out of her head. But Ryle''s complete aversion to relationships is disturbing. Even as Lily finds herself becoming the exception to his "no dating" rule, she can''t help but wonder what made him that way in the first place.

As questions about her new relationship overwhelm her, so do thoughts of Atlas Corrigan - her first love and a link to the past she left behind. He was her kindred spirit, her protector. When Atlas suddenly reappears, everything Lily has built with Ryle is threatened.

With this bold and deeply personal novel, Colleen Hoover delivers a heart-wrenching story that breaks exciting new ground for her as a writer. Combining a captivating romance with a cast of all-too-human characters, It Ends with Us is an unforgettable tale of love that comes at the ultimate price.', 'Original It Ends with Us', 13.7, true, '2022-07-07 22:21:41.396', 3);
INSERT INTO public.product VALUES (1, 100, '2022-07-07 21:31:23.2', 'Harry Potter và tên tù nhân ngục Azkaban (Harry Potter and the Prisoner of Azkaban) là quyển thứ ba trong loạt truyện Harry Potter của J. K. Rowling.

Mùa hè năm thứ tư ở gia đình dì dượng Dursley của Harry thực sự trở thành địa ngục khi có sự xuất hiện của cô Marge. Bằng những lời lẽ thô bỉ, dì đã xúc phạm, làm tổn thương Harry và trong một phút nóng giận, Harry đã thổi phồng bà cô lên.

Lo sợ bị trừng phạt, Harry chạy trốn ra khỏi căn nhà khủng khiếp ấy; trong đầu có ý tưởng sẽ đi rút hết tiền trong ngân hàng và sống với cuộc đời như bao tên tội phạm khác.

Tuy nhiên, một khúc ngoặt mới đã rẽ cho Harry khi chuyến Xe đò Hiệp sĩ suýt cán ngang người cậu, cùng con chó đen thui bí ẩn trong bụi rậm.', 'Harry Potter And The Prisoner of Azkaban', 23.8, false, '2022-07-13 11:07:18.036', 2);
INSERT INTO public.product VALUES (5, 100, '2022-07-07 22:19:08.684', 'In the New York Times best-selling book from the creator of the wildly popular webcomic xkcd, Randall Munroe gives hilarious and informative answers to important questions you probably never thought to ask.

Fans of xkcd ask Munroe a lot of strange questions. What if you tried to hit a baseball pitched at 90 percent the speed of light? How fast can you hit a speed bump while driving and live? If there was a robot apocalypse, how long would humanity last? What if everyone only had one soulmate? What would happen if the moon went away?

In pursuit of answers, Munroe ran computer simulations, pored over stacks of declassified military research memos, solved differential equations, and consulted with nuclear reactor operators. His responses are masterpieces of clarity and hilarity, complemented by signature xkcd comics. (They often predict the complete annihilation of humankind, or at least a really big explosion.)

Far more than a book for geeks, What If? explains the laws of science in operation in a way that every intelligent reader will enjoy and feel much smarter for having read.', 'What If', 15.7, true, '2022-07-07 22:22:59.105', 10);
INSERT INTO public.product VALUES (3, 100, '2022-07-07 22:11:01.455', 'To make the journey into The Power of Now, we will need to leave our analytical mind and its false created self, the ego, behind. 
Although the journey is challenging, Eckhart Tolle offers simple language and a question and answer format to guide us. 
Surrender to the present moment, where problems do not exist. 
It is here we find our joy, are able to embrace our true selves and discover that we are already complete and perfect. 
If we are able to be fully present and take each step in the Now we will be opening ourselves to the transforming experience of The Power of Now. ', 'The Power Of Now', 34.6, true, '2022-07-13 11:07:42.732', 10);


--
-- TOC entry 3374 (class 0 OID 26645)
-- Dependencies: 221
-- Data for Name: product_image; Type: TABLE DATA; Schema: public; Owner: postgres
--

INSERT INTO public.product_image VALUES (1, 'https://firebasestorage.googleapis.com/v0/b/assignment-upload-images.appspot.com/o/images%2FHarry%20Potter%20And%20The%20Prisoner%20of%20Azkaban_Harry_Potter_v%C3%A0_t%C3%AAn_t%C3%B9_nh%C3%A2n_ng%E1%BB%A5c_Azkaban_poster.jpg_1657202053907?alt=media&token=789fe4e5-c0ac-4fb4-a351-d7bde675ba43', 1);
INSERT INTO public.product_image VALUES (2, 'https://firebasestorage.googleapis.com/v0/b/assignment-upload-images.appspot.com/o/images%2FHarry%20Potter%20And%20The%20Prisoner%20of%20Azkaban_Harry_Potter_v%C3%A0_t%C3%AAn_t%C3%B9_nh%C3%A2n_ng%E1%BB%A5c_Azkaban_b%C3%ACa.jpg_1657202075585?alt=media&token=d6c8392c-1813-4962-ac7f-81a702444a36', 1);
INSERT INTO public.product_image VALUES (3, 'https://firebasestorage.googleapis.com/v0/b/assignment-upload-images.appspot.com/o/images%2FHarry%20Potter%20And%20The%20Prisoner%20of%20Azkaban_1519723928_p8758_d5fcfda59e9e0b98f82643fa2e0fe429.jpg_1657202017049?alt=media&token=261dfe5b-bdbe-42d1-a567-9d15d04792d1', 1);
INSERT INTO public.product_image VALUES (4, 'https://firebasestorage.googleapis.com/v0/b/assignment-upload-images.appspot.com/o/images%2FHarry%20Potter%20And%20The%20Prisoner%20of%20Azkaban_download.jpg_1657201996253?alt=media&token=9c5df5a9-a3b9-42fc-9e25-0bd6eaf3bf4f', 1);
INSERT INTO public.product_image VALUES (5, 'https://firebasestorage.googleapis.com/v0/b/assignment-upload-images.appspot.com/o/images%2FHands-On%20Programming%20%20with%20R%3A%20Write%20Your%20Own%20Functions%20and%20Simulations_download.png_1657204444192?alt=media&token=27de64e8-8e85-4b02-a352-08ab91577b62', 2);
INSERT INTO public.product_image VALUES (6, 'https://firebasestorage.googleapis.com/v0/b/assignment-upload-images.appspot.com/o/images%2FHands-On%20Programming%20%20with%20R%3A%20Write%20Your%20Own%20Functions%20and%20Simulations_71LDn7VAFNL.jpg_1657204474031?alt=media&token=51c29002-86bc-4819-9ba5-ac7192a619f8', 2);
INSERT INTO public.product_image VALUES (7, 'https://firebasestorage.googleapis.com/v0/b/assignment-upload-images.appspot.com/o/images%2FThe%20Power%20Of%20Now_images.jpg_1657206520005?alt=media&token=5c5ff88e-5ed4-4697-ac46-45cda8d8d824', 3);
INSERT INTO public.product_image VALUES (8, 'https://firebasestorage.googleapis.com/v0/b/assignment-upload-images.appspot.com/o/images%2FThe%20Power%20Of%20Now_download.jpg_1657206493768?alt=media&token=443ffdbb-c252-4d11-8c22-85f31d1f389e', 3);
INSERT INTO public.product_image VALUES (9, 'https://firebasestorage.googleapis.com/v0/b/assignment-upload-images.appspot.com/o/images%2FThe%20Power%20Of%20Now_download%20(2).jpg_1657206501414?alt=media&token=d8b35f31-f7b1-4d38-94b0-34b6fa4450c9', 3);
INSERT INTO public.product_image VALUES (10, 'https://firebasestorage.googleapis.com/v0/b/assignment-upload-images.appspot.com/o/images%2FThe%20Power%20Of%20Now_download%20(1).jpg_1657206487526?alt=media&token=912a9fb5-64a2-400f-943d-ceaebb3bcc08', 3);
INSERT INTO public.product_image VALUES (11, 'https://firebasestorage.googleapis.com/v0/b/assignment-upload-images.appspot.com/o/images%2FAtomic%20Habits_download%20(3).jpg_1657206702829?alt=media&token=1bf95a8b-e0af-4fbc-bb4f-45f7c75ff7d6', 4);
INSERT INTO public.product_image VALUES (12, 'https://firebasestorage.googleapis.com/v0/b/assignment-upload-images.appspot.com/o/images%2FAtomic%20Habits_download%20(5).jpg_1657206711891?alt=media&token=d64ad4d7-de86-4579-bf38-4f6e9676c43f', 4);
INSERT INTO public.product_image VALUES (13, 'https://firebasestorage.googleapis.com/v0/b/assignment-upload-images.appspot.com/o/images%2FAtomic%20Habits_images%20(1).jpg_1657206718895?alt=media&token=2648b4bc-e142-42b4-a966-46d5a643dd77', 4);
INSERT INTO public.product_image VALUES (14, 'https://firebasestorage.googleapis.com/v0/b/assignment-upload-images.appspot.com/o/images%2FAtomic%20Habits_download%20(4).jpg_1657206707219?alt=media&token=c363c4af-3054-458b-9d34-9558e80493b2', 4);
INSERT INTO public.product_image VALUES (15, 'https://firebasestorage.googleapis.com/v0/b/assignment-upload-images.appspot.com/o/images%2FWhat%20If_download%20(7).jpg_1657207093891?alt=media&token=253830c8-e13b-4ce4-9971-3ec84289fadc', 5);
INSERT INTO public.product_image VALUES (16, 'https://firebasestorage.googleapis.com/v0/b/assignment-upload-images.appspot.com/o/images%2FWhat%20If_download%20(6).jpg_1657207089648?alt=media&token=020f2fe7-000b-4464-bf8c-21593ab8bf93', 5);
INSERT INTO public.product_image VALUES (17, 'https://firebasestorage.googleapis.com/v0/b/assignment-upload-images.appspot.com/o/images%2FWhat%20If_download%20(8).jpg_1657207098972?alt=media&token=6bd2120b-20e4-4c62-9908-b1e6851c3218', 5);
INSERT INTO public.product_image VALUES (18, 'https://firebasestorage.googleapis.com/v0/b/assignment-upload-images.appspot.com/o/images%2FOriginal%20It%20Ends%20with%20Us_download%20(9).jpg_1657207266314?alt=media&token=2de2d2b1-4f44-424b-8504-a6f36f52cab4', 6);
INSERT INTO public.product_image VALUES (19, 'https://firebasestorage.googleapis.com/v0/b/assignment-upload-images.appspot.com/o/images%2FOriginal%20It%20Ends%20with%20Us_images%20(2).jpg_1657207277055?alt=media&token=c99441af-f415-4924-9f06-d3b0fb4839b5', 6);
INSERT INTO public.product_image VALUES (20, 'https://firebasestorage.googleapis.com/v0/b/assignment-upload-images.appspot.com/o/images%2FOriginal%20It%20Ends%20with%20Us_download%20(10).jpg_1657207284994?alt=media&token=35c6d20b-8c00-4c1d-9182-63d34725ab33', 6);


--
-- TOC entry 3376 (class 0 OID 26653)
-- Dependencies: 223
-- Data for Name: product_rate; Type: TABLE DATA; Schema: public; Owner: postgres
--

INSERT INTO public.product_rate VALUES (1, 1, 'Test Rate', '2022-07-11 15:21:46.274', 4.5, false, '2022-07-11 15:21:46.274', 1);
INSERT INTO public.product_rate VALUES (2, 2, 'So funny', '2022-07-11 15:33:10.883', 4, false, '2022-07-11 15:33:10.883', 1);
INSERT INTO public.product_rate VALUES (3, 2, 'good.', '2022-07-11 15:34:46.225', 3.5, false, '2022-07-11 15:34:46.225', 2);
INSERT INTO public.product_rate VALUES (4, 2, 'this is good book?', '2022-07-11 15:35:34.441', 4, false, '2022-07-11 15:35:34.441', 4);
INSERT INTO public.product_rate VALUES (5, 4, 'This is so cute', '2022-07-11 22:52:03.676', 4, false, '2022-07-11 22:52:03.676', 1);


--
-- TOC entry 3383 (class 0 OID 0)
-- Dependencies: 209
-- Name: account_acc_id_seq; Type: SEQUENCE SET; Schema: public; Owner: postgres
--

SELECT pg_catalog.setval('public.account_acc_id_seq', 7, true);


--
-- TOC entry 3384 (class 0 OID 0)
-- Dependencies: 211
-- Name: cart_cart_id_seq; Type: SEQUENCE SET; Schema: public; Owner: postgres
--

SELECT pg_catalog.setval('public.cart_cart_id_seq', 1, true);


--
-- TOC entry 3385 (class 0 OID 0)
-- Dependencies: 214
-- Name: category_cate_id_seq; Type: SEQUENCE SET; Schema: public; Owner: postgres
--

SELECT pg_catalog.setval('public.category_cate_id_seq', 11, true);


--
-- TOC entry 3386 (class 0 OID 0)
-- Dependencies: 216
-- Name: ordered_order_id_seq; Type: SEQUENCE SET; Schema: public; Owner: postgres
--

SELECT pg_catalog.setval('public.ordered_order_id_seq', 1, false);


--
-- TOC entry 3387 (class 0 OID 0)
-- Dependencies: 220
-- Name: product_image_id_seq; Type: SEQUENCE SET; Schema: public; Owner: postgres
--

SELECT pg_catalog.setval('public.product_image_id_seq', 20, true);


--
-- TOC entry 3388 (class 0 OID 0)
-- Dependencies: 218
-- Name: product_pro_id_seq; Type: SEQUENCE SET; Schema: public; Owner: postgres
--

SELECT pg_catalog.setval('public.product_pro_id_seq', 6, true);


--
-- TOC entry 3389 (class 0 OID 0)
-- Dependencies: 222
-- Name: product_rate_id_seq; Type: SEQUENCE SET; Schema: public; Owner: postgres
--

SELECT pg_catalog.setval('public.product_rate_id_seq', 5, true);


--
-- TOC entry 3199 (class 2606 OID 26610)
-- Name: account account_pkey; Type: CONSTRAINT; Schema: public; Owner: postgres
--

ALTER TABLE ONLY public.account
    ADD CONSTRAINT account_pkey PRIMARY KEY (acc_id);


--
-- TOC entry 3205 (class 2606 OID 26621)
-- Name: cart_item cart_item_pkey; Type: CONSTRAINT; Schema: public; Owner: postgres
--

ALTER TABLE ONLY public.cart_item
    ADD CONSTRAINT cart_item_pkey PRIMARY KEY (cart_id, pro_id);


--
-- TOC entry 3203 (class 2606 OID 26616)
-- Name: cart cart_pkey; Type: CONSTRAINT; Schema: public; Owner: postgres
--

ALTER TABLE ONLY public.cart
    ADD CONSTRAINT cart_pkey PRIMARY KEY (cart_id);


--
-- TOC entry 3207 (class 2606 OID 26629)
-- Name: category category_pkey; Type: CONSTRAINT; Schema: public; Owner: postgres
--

ALTER TABLE ONLY public.category
    ADD CONSTRAINT category_pkey PRIMARY KEY (cate_id);


--
-- TOC entry 3209 (class 2606 OID 26635)
-- Name: ordered ordered_pkey; Type: CONSTRAINT; Schema: public; Owner: postgres
--

ALTER TABLE ONLY public.ordered
    ADD CONSTRAINT ordered_pkey PRIMARY KEY (order_id);


--
-- TOC entry 3213 (class 2606 OID 26651)
-- Name: product_image product_image_pkey; Type: CONSTRAINT; Schema: public; Owner: postgres
--

ALTER TABLE ONLY public.product_image
    ADD CONSTRAINT product_image_pkey PRIMARY KEY (id);


--
-- TOC entry 3211 (class 2606 OID 26643)
-- Name: product product_pkey; Type: CONSTRAINT; Schema: public; Owner: postgres
--

ALTER TABLE ONLY public.product
    ADD CONSTRAINT product_pkey PRIMARY KEY (pro_id);


--
-- TOC entry 3215 (class 2606 OID 26657)
-- Name: product_rate product_rate_pkey; Type: CONSTRAINT; Schema: public; Owner: postgres
--

ALTER TABLE ONLY public.product_rate
    ADD CONSTRAINT product_rate_pkey PRIMARY KEY (id);


--
-- TOC entry 3201 (class 2606 OID 26659)
-- Name: account ukgex1lmaqpg0ir5g1f5eftyaa1; Type: CONSTRAINT; Schema: public; Owner: postgres
--

ALTER TABLE ONLY public.account
    ADD CONSTRAINT ukgex1lmaqpg0ir5g1f5eftyaa1 UNIQUE (username);


--
-- TOC entry 3217 (class 2606 OID 26665)
-- Name: cart_item fk1uobyhgl1wvgt1jpccia8xxs3; Type: FK CONSTRAINT; Schema: public; Owner: postgres
--

ALTER TABLE ONLY public.cart_item
    ADD CONSTRAINT fk1uobyhgl1wvgt1jpccia8xxs3 FOREIGN KEY (cart_id) REFERENCES public.cart(cart_id);


--
-- TOC entry 3218 (class 2606 OID 26670)
-- Name: cart_item fk3bd3w8r027xksw3hfxyhu09dv; Type: FK CONSTRAINT; Schema: public; Owner: postgres
--

ALTER TABLE ONLY public.cart_item
    ADD CONSTRAINT fk3bd3w8r027xksw3hfxyhu09dv FOREIGN KEY (pro_id) REFERENCES public.product(pro_id);


--
-- TOC entry 3221 (class 2606 OID 26685)
-- Name: product_image fk5mhfpl6mm0oljybv7k1yha83e; Type: FK CONSTRAINT; Schema: public; Owner: postgres
--

ALTER TABLE ONLY public.product_image
    ADD CONSTRAINT fk5mhfpl6mm0oljybv7k1yha83e FOREIGN KEY (pro_id) REFERENCES public.product(pro_id);


--
-- TOC entry 3216 (class 2606 OID 26660)
-- Name: cart fkexcdd1pex25twxkpsltwk2y7w; Type: FK CONSTRAINT; Schema: public; Owner: postgres
--

ALTER TABLE ONLY public.cart
    ADD CONSTRAINT fkexcdd1pex25twxkpsltwk2y7w FOREIGN KEY (acc_id) REFERENCES public.account(acc_id);


--
-- TOC entry 3220 (class 2606 OID 26680)
-- Name: product fkll9b6w9lwjkhiymqatom6jbd; Type: FK CONSTRAINT; Schema: public; Owner: postgres
--

ALTER TABLE ONLY public.product
    ADD CONSTRAINT fkll9b6w9lwjkhiymqatom6jbd FOREIGN KEY (cate_id) REFERENCES public.category(cate_id);


--
-- TOC entry 3219 (class 2606 OID 26675)
-- Name: ordered fkp640qrr68ytq56r94t3uvnjkq; Type: FK CONSTRAINT; Schema: public; Owner: postgres
--

ALTER TABLE ONLY public.ordered
    ADD CONSTRAINT fkp640qrr68ytq56r94t3uvnjkq FOREIGN KEY (acc_id) REFERENCES public.account(acc_id);


--
-- TOC entry 3222 (class 2606 OID 26690)
-- Name: product_rate fks86au96r4f5fxfaf833b8nk8d; Type: FK CONSTRAINT; Schema: public; Owner: postgres
--

ALTER TABLE ONLY public.product_rate
    ADD CONSTRAINT fks86au96r4f5fxfaf833b8nk8d FOREIGN KEY (pro_id) REFERENCES public.product(pro_id);


-- Completed on 2022-07-14 09:39:02

--
-- PostgreSQL database dump complete
--

